[
 {"id": 1, "name": "로스트비프", "pay": 23900,"sale": 6000},   
 {"id": 2, "name": "티본&쉬림프", "pay": 28900,"sale": 3000},  
 {"id": 3, "name": "블랙알리오스테이크", "pay": 28900,"sale": 2000},   
 {"id": 4, "name": "리얼하프앤하프", "pay": 23900,"sale": 1000},   
 {"id": 5, "name": "갈릭쉬림프", "pay": 23900,"sale": 2000},   
 {"id": 6, "name": "직화불고기", "pay": 23900,"sale": 1000},   
 {"id": 7, "name": "아보카도쉬림프", "pay": 28900,"sale": 3000},  
 {"id": 8, "name": "수퍼슈프림", "pay": 28900,"sale": 1000}  
]